timestamp,container,cpu_perc,mem_perc,mem_usage,net_rx_b,net_tx_b
1790737348,redis,1.25%,0.34%,13.14MiB / 3.822GiB,56100,32100
1790737351,redis,1.28%,0.34%,13.14MiB / 3.822GiB,56100,32100
1790737353,redis,1.27%,0.34%,13.14MiB / 3.822GiB,56100,32100
1790737355,redis,3.50%,0.35%,13.63MiB / 3.822GiB,111000,63900
1790737357,redis,1.28%,0.35%,13.55MiB / 3.822GiB,111000,63900
1790737359,redis,1.14%,0.35%,13.8MiB / 3.822GiB,111000,63900
1790737361,redis,3.74%,0.36%,14.05MiB / 3.822GiB,165000,95700
1790737363,redis,1.30%,0.36%,14.06MiB / 3.822GiB,165000,95700
1790737365,redis,1.29%,0.36%,14.06MiB / 3.822GiB,165000,95700
1790737367,redis,3.65%,0.37%,14.59MiB / 3.822GiB,219000,127000
1790737370,redis,1.29%,0.37%,14.56MiB / 3.822GiB,220000,128000
1790737372,redis,1.28%,0.37%,14.56MiB / 3.822GiB,220000,128000
1790737374,redis,1.40%,0.37%,14.59MiB / 3.822GiB,222000,129000
1790737376,redis,1.30%,0.39%,15.21MiB / 3.822GiB,275000,159000
1790737378,redis,1.36%,0.36%,14.2MiB / 3.822GiB,275000,159000
1790737380,redis,1.27%,0.36%,14.2MiB / 3.822GiB,275000,159000
1790737382,redis,1.28%,0.38%,14.85MiB / 3.822GiB,329000,191000
1790737384,redis,1.30%,0.38%,14.85MiB / 3.822GiB,329000,191000
1790737386,redis,1.16%,0.39%,15.1MiB / 3.822GiB,329000,191000
1790737388,redis,1.28%,0.40%,15.6MiB / 3.822GiB,384000,223000
1790737391,redis,1.30%,0.39%,15.35MiB / 3.822GiB,384000,223000
1790737393,redis,1.30%,0.39%,15.35MiB / 3.822GiB,384000,223000
1790737395,redis,3.16%,0.40%,15.8MiB / 3.822GiB,438000,255000
1790737397,redis,1.16%,0.40%,15.8MiB / 3.822GiB,438000,255000
1790737399,redis,1.29%,0.40%,15.8MiB / 3.822GiB,438000,255000
1790737401,redis,3.80%,0.41%,16.21MiB / 3.822GiB,493000,287000
1790737403,redis,1.32%,0.42%,16.46MiB / 3.822GiB,493000,287000
1790737405,redis,1.16%,0.42%,16.46MiB / 3.822GiB,493000,287000
1790737407,redis,3.78%,0.42%,16.61MiB / 3.822GiB,547000,318000
1790737410,redis,68.82%,0.44%,17.39MiB / 3.822GiB,2080000,4160000
1790737412,redis,68.57%,0.44%,17.31MiB / 3.822GiB,4980000,11300000
1790737414,redis,67.76%,0.45%,17.62MiB / 3.822GiB,7880000,18400000
1790737416,redis,67.97%,0.45%,17.5MiB / 3.822GiB,10800000,25600000
1790737418,redis,68.77%,0.44%,17.39MiB / 3.822GiB,13700000,32700000
1790737420,redis,68.41%,0.44%,17.11MiB / 3.822GiB,16600000,39900000
1790737422,redis,67.49%,0.44%,17.25MiB / 3.822GiB,19500000,47000000
1790737424,redis,68.35%,0.44%,17.25MiB / 3.822GiB,22400000,54100000
1790737427,redis,67.94%,0.44%,17.25MiB / 3.822GiB,25300000,61100000
1790737429,redis,68.98%,0.44%,17.25MiB / 3.822GiB,28200000,68200000
1790737431,redis,68.55%,0.43%,17MiB / 3.822GiB,31100000,75300000
1790737433,redis,68.85%,0.43%,17MiB / 3.822GiB,34000000,82400000
1790737435,redis,68.49%,0.43%,17MiB / 3.822GiB,36800000,89500000
1790737437,redis,66.32%,0.43%,16.91MiB / 3.822GiB,39700000,96600000
1790737439,redis,70.97%,0.44%,17.25MiB / 3.822GiB,42600000,104000000
1790737441,redis,68.36%,0.43%,17MiB / 3.822GiB,45500000,111000000
1790737443,redis,68.93%,0.43%,17MiB / 3.822GiB,48400000,118000000
1790737446,redis,69.04%,0.43%,17MiB / 3.822GiB,51300000,125000000
1790737448,redis,68.69%,0.43%,16.93MiB / 3.822GiB,54200000,132000000
1790737450,redis,68.59%,0.43%,16.93MiB / 3.822GiB,57100000,139000000
1790737452,redis,69.04%,0.43%,16.93MiB / 3.822GiB,59900000,146000000
1790737454,redis,68.74%,0.43%,16.93MiB / 3.822GiB,62900000,153000000
1790737456,redis,69.29%,0.43%,16.93MiB / 3.822GiB,65800000,160000000
1790737458,redis,72.23%,0.43%,16.81MiB / 3.822GiB,68700000,168000000
1790737460,redis,72.28%,0.43%,16.96MiB / 3.822GiB,71600000,175000000
1790737463,redis,71.04%,0.43%,16.91MiB / 3.822GiB,74500000,182000000
1790737465,redis,71.54%,0.43%,16.86MiB / 3.822GiB,77400000,189000000
1790737467,redis,73.23%,0.43%,16.75MiB / 3.822GiB,80400000,196000000
1790737469,redis,73.62%,0.43%,16.95MiB / 3.822GiB,83300000,204000000
1790737471,redis,72.48%,0.44%,17.03MiB / 3.822GiB,86300000,211000000
1790737473,redis,68.82%,0.43%,16.93MiB / 3.822GiB,89200000,218000000
1790737475,redis,69.23%,0.43%,16.93MiB / 3.822GiB,92200000,225000000
1790737478,redis,69.25%,0.43%,16.93MiB / 3.822GiB,95100000,232000000
1790737480,redis,68.66%,0.43%,16.91MiB / 3.822GiB,98000000,240000000
1790737482,redis,68.55%,0.43%,16.91MiB / 3.822GiB,101000000,247000000
1790737484,redis,68.48%,0.43%,16.91MiB / 3.822GiB,104000000,254000000
1790737486,redis,70.72%,0.43%,16.95MiB / 3.822GiB,107000000,261000000
1790737488,redis,68.14%,0.43%,16.66MiB / 3.822GiB,110000000,268000000
1790737490,redis,65.95%,0.43%,16.88MiB / 3.822GiB,112000000,275000000
1790737492,redis,66.35%,0.44%,17.09MiB / 3.822GiB,115000000,282000000
1790737494,redis,73.37%,0.43%,16.78MiB / 3.822GiB,118000000,289000000
1790737497,redis,70.22%,0.43%,16.91MiB / 3.822GiB,121000000,296000000
1790737499,redis,68.52%,0.43%,16.66MiB / 3.822GiB,124000000,303000000
1790737501,redis,74.97%,0.43%,16.8MiB / 3.822GiB,127000000,311000000
1790737503,redis,72.25%,0.43%,16.8MiB / 3.822GiB,130000000,318000000
1790737505,redis,71.37%,0.43%,16.75MiB / 3.822GiB,133000000,325000000
1790737507,redis,72.95%,0.43%,16.88MiB / 3.822GiB,136000000,332000000
1790737509,redis,43.79%,0.44%,17.24MiB / 3.822GiB,138000000,339000000
1790737511,redis,74.93%,0.43%,16.9MiB / 3.822GiB,141000000,346000000
1790737514,redis,74.16%,0.43%,16.9MiB / 3.822GiB,144000000,353000000
1790737516,redis,73.41%,0.43%,16.86MiB / 3.822GiB,147000000,360000000
1790737518,redis,74.05%,0.43%,16.76MiB / 3.822GiB,150000000,368000000
1790737520,redis,74.58%,0.43%,16.73MiB / 3.822GiB,153000000,375000000
1790737522,redis,74.44%,0.43%,16.82MiB / 3.822GiB,156000000,382000000
1790737524,redis,73.72%,0.43%,16.92MiB / 3.822GiB,159000000,389000000
1790737526,redis,69.04%,0.43%,16.91MiB / 3.822GiB,162000000,396000000
1790737528,redis,68.58%,0.43%,16.66MiB / 3.822GiB,165000000,403000000
1790737531,redis,69.26%,0.43%,16.7MiB / 3.822GiB,172000000,421000000
1790737533,redis,83.98%,0.43%,16.71MiB / 3.822GiB,179000000,438000000
1790737535,redis,84.71%,0.43%,16.98MiB / 3.822GiB,186000000,456000000
1790737537,redis,69.47%,0.43%,16.94MiB / 3.822GiB,193000000,474000000
1790737539,redis,70.14%,0.43%,16.94MiB / 3.822GiB,200000000,492000000
1790737541,redis,78.19%,0.43%,16.95MiB / 3.822GiB,207000000,510000000
1790737543,redis,69.54%,0.43%,16.7MiB / 3.822GiB,215000000,528000000
1790737545,redis,80.69%,0.44%,17.07MiB / 3.822GiB,222000000,546000000
1790737548,redis,69.30%,0.43%,16.93MiB / 3.822GiB,229000000,564000000
1790737550,redis,69.21%,0.43%,16.91MiB / 3.822GiB,236000000,581000000
1790737552,redis,69.72%,0.43%,16.91MiB / 3.822GiB,244000000,599000000
1790737554,redis,69.85%,0.43%,16.91MiB / 3.822GiB,251000000,617000000
1790737556,redis,69.14%,0.43%,16.88MiB / 3.822GiB,258000000,634000000
1790737558,redis,69.55%,0.43%,16.94MiB / 3.822GiB,265000000,652000000
1790737560,redis,72.53%,0.43%,16.91MiB / 3.822GiB,272000000,670000000
1790737562,redis,68.63%,0.43%,16.94MiB / 3.822GiB,279000000,688000000
1790737564,redis,69.46%,0.43%,16.92MiB / 3.822GiB,286000000,705000000
1790737567,redis,69.01%,0.43%,16.92MiB / 3.822GiB,294000000,723000000
1790737569,redis,70.73%,0.43%,16.78MiB / 3.822GiB,301000000,741000000
1790737571,redis,70.25%,0.43%,16.94MiB / 3.822GiB,308000000,758000000
1790737573,redis,76.16%,0.44%,17.11MiB / 3.822GiB,315000000,776000000
1790737575,redis,69.00%,0.43%,16.79MiB / 3.822GiB,322000000,794000000
1790737577,redis,70.62%,0.43%,16.94MiB / 3.822GiB,329000000,811000000
1790737579,redis,68.38%,0.43%,16.95MiB / 3.822GiB,336000000,829000000
1790737581,redis,80.36%,0.43%,16.93MiB / 3.822GiB,343000000,847000000
1790737583,redis,69.79%,0.43%,16.88MiB / 3.822GiB,351000000,864000000
1790737586,redis,68.62%,0.43%,16.89MiB / 3.822GiB,358000000,882000000
1790737588,redis,69.65%,0.43%,16.89MiB / 3.822GiB,365000000,900000000
1790737590,redis,69.13%,0.43%,16.91MiB / 3.822GiB,370000000,911000000
1790737592,redis,68.92%,0.43%,16.91MiB / 3.822GiB,372000000,918000000
1790737594,redis,69.01%,0.43%,16.91MiB / 3.822GiB,375000000,925000000
1790737596,redis,70.71%,0.43%,16.96MiB / 3.822GiB,378000000,933000000
1790737598,redis,68.55%,0.43%,16.75MiB / 3.822GiB,381000000,940000000
1790737600,redis,68.81%,0.43%,16.87MiB / 3.822GiB,384000000,947000000
1790737603,redis,69.94%,0.43%,16.87MiB / 3.822GiB,387000000,954000000
1790737605,redis,69.17%,0.44%,17.03MiB / 3.822GiB,390000000,961000000
1790737607,redis,68.73%,0.43%,16.73MiB / 3.822GiB,393000000,969000000
1790737609,redis,69.17%,0.43%,16.93MiB / 3.822GiB,396000000,976000000
1790737611,redis,42.76%,0.43%,16.79MiB / 3.822GiB,399000000,983000000
1790737613,redis,68.05%,0.44%,17.06MiB / 3.822GiB,402000000,990000000
1790737615,redis,75.52%,0.43%,16.7MiB / 3.822GiB,405000000,998000000
1790737618,redis,75.60%,0.43%,16.73MiB / 3.822GiB,408000000,1000000000
1790737620,redis,75.34%,0.43%,16.75MiB / 3.822GiB,410000000,1010000000
1790737622,redis,70.06%,0.43%,16.91MiB / 3.822GiB,413000000,1020000000
1790737624,redis,69.60%,0.43%,16.66MiB / 3.822GiB,416000000,1030000000
1790737626,redis,69.56%,0.43%,16.91MiB / 3.822GiB,419000000,1030000000
1790737628,redis,68.93%,0.43%,16.91MiB / 3.822GiB,422000000,1040000000
1790737630,redis,70.04%,0.43%,16.91MiB / 3.822GiB,425000000,1050000000
1790737632,redis,69.30%,0.43%,16.91MiB / 3.822GiB,428000000,1050000000
1790737635,redis,68.75%,0.43%,16.66MiB / 3.822GiB,431000000,1060000000
1790737637,redis,68.60%,0.44%,17.09MiB / 3.822GiB,434000000,1070000000
1790737639,redis,75.73%,0.43%,16.95MiB / 3.822GiB,436000000,1080000000
1790737641,redis,75.45%,0.43%,16.95MiB / 3.822GiB,439000000,1080000000
1790737643,redis,73.70%,0.43%,16.84MiB / 3.822GiB,442000000,1090000000
1790737645,redis,69.22%,0.43%,16.83MiB / 3.822GiB,445000000,1100000000
1790737647,redis,69.05%,0.43%,16.91MiB / 3.822GiB,448000000,1100000000
1790737649,redis,97.69%,0.43%,16.8MiB / 3.822GiB,454000000,1120000000
1790737651,redis,102.86%,0.43%,16.91MiB / 3.822GiB,465000000,1150000000
1790737653,redis,102.56%,0.43%,16.92MiB / 3.822GiB,476000000,1180000000
1790737656,redis,102.24%,0.43%,16.91MiB / 3.822GiB,488000000,1220000000
1790737658,redis,102.35%,0.43%,16.77MiB / 3.822GiB,499000000,1250000000
1790737660,redis,103.13%,0.43%,16.91MiB / 3.822GiB,510000000,1280000000
1790737662,redis,102.51%,0.43%,16.91MiB / 3.822GiB,522000000,1310000000
1790737664,redis,102.24%,0.43%,16.84MiB / 3.822GiB,533000000,1350000000
1790737666,redis,102.34%,0.43%,16.94MiB / 3.822GiB,545000000,1380000000
1790737668,redis,102.14%,0.43%,16.91MiB / 3.822GiB,557000000,1410000000
1790737670,redis,102.08%,0.43%,16.91MiB / 3.822GiB,568000000,1440000000
1790737672,redis,101.92%,0.43%,16.91MiB / 3.822GiB,580000000,1480000000
1790737674,redis,102.50%,0.43%,16.86MiB / 3.822GiB,592000000,1510000000
1790737676,redis,102.69%,0.43%,16.81MiB / 3.822GiB,603000000,1540000000
1790737679,redis,101.97%,0.43%,16.84MiB / 3.822GiB,615000000,1570000000
1790737681,redis,101.98%,0.43%,16.88MiB / 3.822GiB,626000000,1610000000
1790737683,redis,103.13%,0.43%,16.91MiB / 3.822GiB,637000000,1640000000
1790737685,redis,102.76%,0.43%,16.9MiB / 3.822GiB,647000000,1670000000
1790737687,redis,103.03%,0.43%,16.87MiB / 3.822GiB,658000000,1700000000
1790737689,redis,102.34%,0.43%,17.01MiB / 3.822GiB,670000000,1730000000
1790737691,redis,102.24%,0.43%,16.93MiB / 3.822GiB,682000000,1770000000
1790737693,redis,102.40%,0.43%,16.9MiB / 3.822GiB,693000000,1800000000
1790737695,redis,102.17%,0.43%,16.86MiB / 3.822GiB,705000000,1830000000
1790737697,redis,102.35%,0.43%,16.78MiB / 3.822GiB,716000000,1860000000
1790737699,redis,101.97%,0.43%,16.85MiB / 3.822GiB,728000000,1900000000
1790737702,redis,102.50%,0.43%,16.78MiB / 3.822GiB,740000000,1930000000
1790737704,redis,101.98%,0.43%,16.82MiB / 3.822GiB,751000000,1960000000
1790737706,redis,102.08%,0.43%,16.91MiB / 3.822GiB,763000000,1990000000
1790737708,redis,102.33%,0.43%,16.88MiB / 3.822GiB,774000000,2030000000
1790737710,redis,69.17%,0.43%,16.91MiB / 3.822GiB,781000000,2040000000
1790737712,redis,68.74%,0.43%,16.91MiB / 3.822GiB,783000000,2050000000
1790737714,redis,69.74%,0.43%,16.91MiB / 3.822GiB,786000000,2060000000
1790737716,redis,69.19%,0.43%,16.91MiB / 3.822GiB,789000000,2060000000
1790737718,redis,69.78%,0.43%,16.91MiB / 3.822GiB,792000000,2070000000
1790737720,redis,69.75%,0.43%,16.83MiB / 3.822GiB,795000000,2080000000
1790737722,redis,72.27%,0.43%,16.93MiB / 3.822GiB,798000000,2080000000
1790737725,redis,70.09%,0.43%,16.66MiB / 3.822GiB,801000000,2090000000
1790737727,redis,69.02%,0.43%,16.91MiB / 3.822GiB,804000000,2100000000
1790737729,redis,67.55%,0.43%,16.66MiB / 3.822GiB,807000000,2110000000
1790737731,redis,73.82%,0.44%,17.04MiB / 3.822GiB,810000000,2110000000
1790737733,redis,70.07%,0.43%,17MiB / 3.822GiB,812000000,2120000000
1790737735,redis,68.00%,0.43%,16.83MiB / 3.822GiB,815000000,2130000000
1790737737,redis,71.02%,0.44%,17.06MiB / 3.822GiB,818000000,2140000000
1790737740,redis,69.60%,0.43%,16.75MiB / 3.822GiB,821000000,2140000000
1790737742,redis,68.83%,0.43%,16.91MiB / 3.822GiB,824000000,2150000000
1790737744,redis,67.69%,0.43%,16.66MiB / 3.822GiB,827000000,2160000000
1790737746,redis,69.02%,0.43%,16.91MiB / 3.822GiB,830000000,2160000000
1790737748,redis,69.35%,0.43%,16.91MiB / 3.822GiB,833000000,2170000000
1790737750,redis,67.99%,0.43%,16.66MiB / 3.822GiB,836000000,2180000000
1790737752,redis,67.62%,0.43%,16.96MiB / 3.822GiB,839000000,2190000000
1790737754,redis,69.72%,0.43%,16.73MiB / 3.822GiB,842000000,2190000000
1790737757,redis,70.14%,0.43%,16.7MiB / 3.822GiB,845000000,2200000000
1790737759,redis,70.20%,0.43%,16.73MiB / 3.822GiB,847000000,2210000000
1790737761,redis,68.06%,0.43%,16.98MiB / 3.822GiB,850000000,2210000000
1790737763,redis,69.91%,0.43%,16.91MiB / 3.822GiB,853000000,2220000000
1790737765,redis,69.25%,0.43%,16.91MiB / 3.822GiB,856000000,2230000000
1790737767,redis,70.44%,0.43%,16.71MiB / 3.822GiB,859000000,2240000000
1790737769,redis,90.98%,0.43%,16.78MiB / 3.822GiB,867000000,2260000000
1790737771,redis,112.56%,0.43%,16.73MiB / 3.822GiB,879000000,2320000000
1790737774,redis,112.69%,0.43%,16.79MiB / 3.822GiB,891000000,2370000000
1790737776,redis,112.80%,0.43%,16.79MiB / 3.822GiB,903000000,2430000000
1790737778,redis,114.52%,0.43%,16.82MiB / 3.822GiB,916000000,2480000000
1790737780,redis,113.96%,0.43%,16.9MiB / 3.822GiB,929000000,2540000000
1790737782,redis,114.40%,0.44%,17.07MiB / 3.822GiB,941000000,2590000000
1790737784,redis,114.41%,0.43%,16.82MiB / 3.822GiB,954000000,2650000000
1790737786,redis,114.41%,0.44%,17.04MiB / 3.822GiB,967000000,2700000000
1790737788,redis,114.40%,0.43%,16.94MiB / 3.822GiB,979000000,2760000000
1790737791,redis,113.97%,0.44%,17.14MiB / 3.822GiB,992000000,2810000000
1790737793,redis,114.29%,0.43%,16.98MiB / 3.822GiB,1000000000,2870000000
1790737795,redis,114.09%,0.44%,17.05MiB / 3.822GiB,1020000000,2920000000
1790737797,redis,113.97%,0.43%,16.89MiB / 3.822GiB,1030000000,2980000000
1790737799,redis,114.62%,0.44%,17.04MiB / 3.822GiB,1040000000,3030000000
1790737801,redis,113.84%,0.43%,16.89MiB / 3.822GiB,1050000000,3080000000
1790737803,redis,113.88%,0.43%,16.84MiB / 3.822GiB,1070000000,3140000000
1790737805,redis,114.30%,0.43%,16.93MiB / 3.822GiB,1080000000,3190000000
1790737807,redis,114.29%,0.43%,16.95MiB / 3.822GiB,1090000000,3250000000
1790737809,redis,114.09%,0.43%,16.81MiB / 3.822GiB,1110000000,3300000000
1790737812,redis,114.30%,0.43%,16.99MiB / 3.822GiB,1120000000,3360000000
1790737814,redis,114.41%,0.43%,16.95MiB / 3.822GiB,1130000000,3410000000
1790737816,redis,113.12%,0.43%,17.01MiB / 3.822GiB,1140000000,3470000000
1790737818,redis,113.33%,0.43%,16.92MiB / 3.822GiB,1160000000,3520000000
1790737820,redis,113.87%,0.43%,16.95MiB / 3.822GiB,1170000000,3580000000
1790737822,redis,114.20%,0.43%,16.73MiB / 3.822GiB,1180000000,3630000000
1790737824,redis,114.09%,0.43%,16.98MiB / 3.822GiB,1190000000,3690000000
1790737826,redis,114.30%,0.43%,16.96MiB / 3.822GiB,1210000000,3740000000
1790737828,redis,113.56%,0.43%,16.96MiB / 3.822GiB,1220000000,3800000000
1790737831,redis,74.09%,0.43%,16.89MiB / 3.822GiB,1220000000,3810000000
1790737833,redis,74.86%,0.43%,16.91MiB / 3.822GiB,1230000000,3810000000
1790737835,redis,72.74%,0.43%,16.89MiB / 3.822GiB,1230000000,3820000000
1790737837,redis,68.65%,0.43%,16.91MiB / 3.822GiB,1230000000,3830000000
1790737839,redis,68.85%,0.43%,16.91MiB / 3.822GiB,1230000000,3830000000
1790737841,redis,69.11%,0.43%,16.91MiB / 3.822GiB,1240000000,3840000000
1790737843,redis,69.69%,0.43%,16.91MiB / 3.822GiB,1240000000,3850000000
1790737845,redis,73.01%,0.43%,16.8MiB / 3.822GiB,1240000000,3860000000
1790737847,redis,69.51%,0.44%,17.1MiB / 3.822GiB,1250000000,3860000000
1790737850,redis,69.45%,0.43%,16.94MiB / 3.822GiB,1250000000,3870000000
1790737852,redis,69.24%,0.43%,17MiB / 3.822GiB,1250000000,3880000000
1790737854,redis,67.92%,0.43%,16.77MiB / 3.822GiB,1250000000,3880000000
1790737856,redis,68.37%,0.43%,16.88MiB / 3.822GiB,1260000000,3890000000
1790737858,redis,69.10%,0.43%,16.66MiB / 3.822GiB,1260000000,3900000000
1790737860,redis,68.75%,0.43%,16.91MiB / 3.822GiB,1260000000,3910000000
1790737862,redis,69.28%,0.43%,16.91MiB / 3.822GiB,1270000000,3910000000
1790737864,redis,69.63%,0.43%,16.91MiB / 3.822GiB,1270000000,3920000000
1790737867,redis,68.86%,0.43%,16.91MiB / 3.822GiB,1270000000,3930000000
1790737869,redis,69.39%,0.43%,16.91MiB / 3.822GiB,1270000000,3930000000
1790737871,redis,69.15%,0.43%,16.91MiB / 3.822GiB,1280000000,3940000000
1790737873,redis,69.01%,0.43%,16.91MiB / 3.822GiB,1280000000,3950000000
1790737875,redis,68.03%,0.43%,16.95MiB / 3.822GiB,1280000000,3950000000
1790737877,redis,68.98%,0.43%,16.91MiB / 3.822GiB,1290000000,3960000000
1790737879,redis,69.71%,0.43%,16.91MiB / 3.822GiB,1290000000,3970000000
1790737881,redis,68.48%,0.43%,16.91MiB / 3.822GiB,1290000000,3980000000
1790737884,redis,69.67%,0.43%,16.91MiB / 3.822GiB,1290000000,3980000000
1790737886,redis,74.35%,0.43%,17.02MiB / 3.822GiB,1300000000,3990000000
1790737888,redis,68.51%,0.43%,16.79MiB / 3.822GiB,1300000000,4000000000
1790737890,redis,86.54%,0.43%,16.88MiB / 3.822GiB,1310000000,4050000000
1790737892,redis,102.54%,0.43%,16.7MiB / 3.822GiB,1320000000,4130000000
1790737894,redis,101.77%,0.43%,16.84MiB / 3.822GiB,1340000000,4210000000
1790737896,redis,102.08%,0.43%,16.81MiB / 3.822GiB,1350000000,4280000000
1790737898,redis,101.67%,0.43%,16.92MiB / 3.822GiB,1360000000,4350000000
1790737901,redis,101.72%,0.43%,16.86MiB / 3.822GiB,1370000000,4430000000
1790737903,redis,102.54%,0.43%,16.79MiB / 3.822GiB,1380000000,4500000000
1790737905,redis,102.08%,0.43%,16.91MiB / 3.822GiB,1390000000,4580000000
1790737907,redis,102.34%,0.43%,16.8MiB / 3.822GiB,1400000000,4650000000
1790737909,redis,103.00%,0.43%,16.91MiB / 3.822GiB,1410000000,4720000000
1790737911,redis,102.60%,0.43%,16.93MiB / 3.822GiB,1420000000,4800000000
1790737913,redis,101.82%,0.43%,16.82MiB / 3.822GiB,1430000000,4870000000
1790737915,redis,102.08%,0.45%,17.54MiB / 3.822GiB,1440000000,4940000000
1790737917,redis,101.82%,0.43%,16.94MiB / 3.822GiB,1450000000,5020000000
1790737919,redis,102.34%,0.43%,16.85MiB / 3.822GiB,1460000000,5090000000
1790737921,redis,102.87%,0.43%,16.8MiB / 3.822GiB,1470000000,5160000000
1790737923,redis,102.60%,0.43%,16.91MiB / 3.822GiB,1490000000,5230000000
1790737926,redis,102.34%,0.43%,16.8MiB / 3.822GiB,1500000000,5310000000
1790737928,redis,101.82%,0.44%,17.13MiB / 3.822GiB,1510000000,5380000000
1790737930,redis,102.61%,0.43%,16.91MiB / 3.822GiB,1520000000,5450000000
1790737932,redis,102.97%,0.44%,17.3MiB / 3.822GiB,1530000000,5520000000
1790737934,redis,101.82%,0.43%,16.76MiB / 3.822GiB,1540000000,5600000000
1790737936,redis,102.97%,0.43%,16.9MiB / 3.822GiB,1550000000,5670000000
1790737938,redis,101.66%,0.43%,16.86MiB / 3.822GiB,1560000000,5740000000
1790737940,redis,102.06%,0.43%,16.91MiB / 3.822GiB,1570000000,5820000000
1790737942,redis,102.71%,0.43%,16.82MiB / 3.822GiB,1580000000,5890000000
1790737944,redis,102.34%,0.43%,16.82MiB / 3.822GiB,1590000000,5960000000
1790737946,redis,102.34%,0.43%,16.88MiB / 3.822GiB,1600000000,6040000000
1790737948,redis,102.34%,0.43%,16.83MiB / 3.822GiB,1610000000,6110000000
1790737951,redis,67.59%,0.43%,16.91MiB / 3.822GiB,1610000000,6120000000
1790737953,redis,71.91%,0.43%,16.85MiB / 3.822GiB,1620000000,6130000000
1790737955,redis,68.36%,0.43%,16.91MiB / 3.822GiB,1620000000,6130000000
1790737957,redis,69.03%,0.43%,16.91MiB / 3.822GiB,1620000000,6140000000
1790737959,redis,68.64%,0.43%,16.91MiB / 3.822GiB,1630000000,6150000000
1790737961,redis,68.98%,0.43%,16.91MiB / 3.822GiB,1630000000,6150000000
1790737963,redis,68.72%,0.43%,16.91MiB / 3.822GiB,1630000000,6160000000
1790737965,redis,68.17%,0.43%,16.91MiB / 3.822GiB,1630000000,6170000000
1790737967,redis,69.02%,0.43%,16.91MiB / 3.822GiB,1640000000,6170000000
1790737970,redis,67.20%,0.43%,16.91MiB / 3.822GiB,1640000000,6180000000
1790737972,redis,68.95%,0.43%,16.91MiB / 3.822GiB,1640000000,6190000000
1790737974,redis,68.63%,0.43%,16.91MiB / 3.822GiB,1650000000,6200000000
1790737976,redis,69.05%,0.43%,16.91MiB / 3.822GiB,1650000000,6200000000
1790737978,redis,69.11%,0.43%,16.91MiB / 3.822GiB,1650000000,6210000000
1790737980,redis,68.93%,0.43%,16.91MiB / 3.822GiB,1650000000,6220000000
1790737982,redis,68.64%,0.43%,16.91MiB / 3.822GiB,1660000000,6220000000
1790737984,redis,68.30%,0.43%,16.91MiB / 3.822GiB,1660000000,6230000000
1790737986,redis,68.34%,0.43%,16.91MiB / 3.822GiB,1660000000,6240000000
1790737989,redis,69.18%,0.44%,17.04MiB / 3.822GiB,1670000000,6250000000
1790737991,redis,68.68%,0.43%,16.73MiB / 3.822GiB,1670000000,6250000000
1790737993,redis,69.62%,0.43%,16.84MiB / 3.822GiB,1670000000,6260000000
1790737995,redis,68.11%,0.44%,17.05MiB / 3.822GiB,1670000000,6270000000
1790737997,redis,69.30%,0.43%,16.7MiB / 3.822GiB,1680000000,6270000000
1790737999,redis,70.98%,0.43%,16.96MiB / 3.822GiB,1680000000,6280000000
1790738001,redis,67.78%,0.43%,16.9MiB / 3.822GiB,1680000000,6290000000
1790738003,redis,69.92%,0.43%,16.89MiB / 3.822GiB,1690000000,6300000000
1790738006,redis,68.78%,0.43%,16.91MiB / 3.822GiB,1690000000,6300000000
1790738008,redis,68.60%,0.43%,16.91MiB / 3.822GiB,1690000000,6310000000
1790738010,redis,101.86%,0.44%,17.18MiB / 3.822GiB,1700000000,6390000000
1790738012,redis,102.07%,0.43%,16.91MiB / 3.822GiB,1710000000,6500000000
1790738014,redis,101.56%,0.43%,16.89MiB / 3.822GiB,1720000000,6620000000
1790738016,redis,101.97%,0.43%,16.91MiB / 3.822GiB,1730000000,6730000000
1790738018,redis,101.98%,0.44%,17.41MiB / 3.822GiB,1740000000,6850000000
1790738020,redis,101.51%,0.48%,18.59MiB / 3.822GiB,1760000000,6970000000
1790738022,redis,101.82%,0.49%,19MiB / 3.822GiB,1770000000,7080000000
1790738025,redis,101.92%,0.49%,19.02MiB / 3.822GiB,1780000000,7200000000
1790738027,redis,101.82%,0.49%,19.34MiB / 3.822GiB,1790000000,7320000000
1790738029,redis,101.72%,0.51%,20.13MiB / 3.822GiB,1800000000,7430000000
1790738031,redis,101.74%,0.51%,19.87MiB / 3.822GiB,1810000000,7550000000
1790738033,redis,102.22%,0.49%,19.11MiB / 3.822GiB,1820000000,7660000000
1790738035,redis,101.47%,0.49%,19.12MiB / 3.822GiB,1830000000,7770000000
1790738037,redis,101.57%,0.47%,18.23MiB / 3.822GiB,1840000000,7890000000
1790738039,redis,101.46%,0.46%,18.12MiB / 3.822GiB,1850000000,8000000000
1790738041,redis,101.67%,0.47%,18.22MiB / 3.822GiB,1860000000,8120000000
1790738043,redis,101.15%,0.46%,18.15MiB / 3.822GiB,1870000000,8230000000
1790738045,redis,101.47%,0.47%,18.25MiB / 3.822GiB,1880000000,8350000000
1790738048,redis,101.72%,0.45%,17.55MiB / 3.822GiB,1890000000,8460000000
1790738050,redis,102.34%,0.45%,17.65MiB / 3.822GiB,1900000000,8580000000
1790738052,redis,102.23%,0.46%,17.84MiB / 3.822GiB,1910000000,8700000000
1790738054,redis,101.47%,0.46%,17.94MiB / 3.822GiB,1920000000,8810000000
1790738056,redis,101.55%,0.51%,20.03MiB / 3.822GiB,1930000000,8920000000
1790738058,redis,101.57%,0.56%,21.93MiB / 3.822GiB,1940000000,9040000000
1790738060,redis,101.94%,0.56%,21.91MiB / 3.822GiB,1960000000,9160000000
1790738062,redis,101.52%,0.51%,20.07MiB / 3.822GiB,1970000000,9270000000
1790738064,redis,101.41%,0.48%,18.81MiB / 3.822GiB,1980000000,9390000000
1790738066,redis,102.09%,0.53%,20.89MiB / 3.822GiB,1990000000,9510000000
1790738069,redis,101.12%,0.53%,20.9MiB / 3.822GiB,2000000000,9620000000
1790738071,redis,69.32%,0.49%,19.26MiB / 3.822GiB,2000000000,9630000000
1790738073,redis,68.77%,0.47%,18.55MiB / 3.822GiB,2010000000,9640000000
1790738075,redis,69.99%,0.47%,18.55MiB / 3.822GiB,2010000000,9640000000
1790738077,redis,69.20%,0.47%,18.55MiB / 3.822GiB,2010000000,9650000000
1790738079,redis,69.49%,0.47%,18.55MiB / 3.822GiB,2010000000,9660000000
1790738081,redis,68.95%,0.47%,18.55MiB / 3.822GiB,2020000000,9660000000
1790738083,redis,68.85%,0.44%,17.13MiB / 3.822GiB,2020000000,9670000000
1790738085,redis,69.42%,0.44%,17.13MiB / 3.822GiB,2020000000,9680000000
1790738088,redis,69.30%,0.44%,17.13MiB / 3.822GiB,2030000000,9690000000
1790738090,redis,69.22%,0.44%,17.13MiB / 3.822GiB,2030000000,9690000000
1790738092,redis,68.90%,0.44%,17.13MiB / 3.822GiB,2030000000,9700000000
1790738094,redis,69.05%,0.44%,17.13MiB / 3.822GiB,2040000000,9710000000
1790738096,redis,69.03%,0.44%,17.13MiB / 3.822GiB,2040000000,9710000000
1790738098,redis,69.11%,0.44%,17.13MiB / 3.822GiB,2040000000,9720000000
1790738100,redis,69.23%,0.44%,17.13MiB / 3.822GiB,2040000000,9730000000
1790738102,redis,68.76%,0.44%,17.13MiB / 3.822GiB,2050000000,9740000000
1790738104,redis,69.07%,0.44%,17.13MiB / 3.822GiB,2050000000,9740000000
1790738107,redis,68.99%,0.44%,17.13MiB / 3.822GiB,2050000000,9750000000
1790738109,redis,69.50%,0.44%,17.13MiB / 3.822GiB,2060000000,9760000000
1790738111,redis,69.32%,0.44%,17.13MiB / 3.822GiB,2060000000,9760000000
1790738113,redis,68.76%,0.44%,17.13MiB / 3.822GiB,2060000000,9770000000
1790738115,redis,69.44%,0.44%,17.13MiB / 3.822GiB,2060000000,9780000000
1790738117,redis,68.66%,0.44%,17.11MiB / 3.822GiB,2070000000,9790000000
1790738119,redis,69.45%,0.44%,17.11MiB / 3.822GiB,2070000000,9790000000
1790738121,redis,68.96%,0.44%,17.11MiB / 3.822GiB,2070000000,9800000000
1790738123,redis,69.16%,0.44%,17.11MiB / 3.822GiB,2080000000,9810000000
1790738126,redis,69.51%,0.44%,17.11MiB / 3.822GiB,2080000000,9810000000
1790738128,redis,68.95%,0.44%,17.11MiB / 3.822GiB,2080000000,9820000000
1790738130,redis,101.00%,0.65%,25.6MiB / 3.822GiB,2090000000,9960000000
1790738132,redis,100.50%,0.76%,29.7MiB / 3.822GiB,2100000000,10200000000
1790738134,redis,100.46%,0.64%,25.09MiB / 3.822GiB,2110000000,10400000000
1790738136,redis,100.18%,0.56%,22.01MiB / 3.822GiB,2120000000,10600000000
1790738138,redis,100.14%,0.54%,21.13MiB / 3.822GiB,2130000000,10800000000
1790738140,redis,101.00%,0.54%,21.14MiB / 3.822GiB,2140000000,11100000000
1790738143,redis,100.72%,0.54%,21.14MiB / 3.822GiB,2140000000,11300000000
1790738145,redis,100.90%,0.54%,21.14MiB / 3.822GiB,2150000000,11500000000
1790738147,redis,100.65%,0.54%,21.14MiB / 3.822GiB,2160000000,11700000000
1790738149,redis,100.65%,0.52%,20.25MiB / 3.822GiB,2170000000,12000000000
1790738151,redis,100.47%,0.52%,20.28MiB / 3.822GiB,2180000000,12200000000
1790738153,redis,100.14%,0.51%,20.11MiB / 3.822GiB,2190000000,12400000000
1790738155,redis,100.40%,0.56%,21.96MiB / 3.822GiB,2200000000,12600000000
1790738157,redis,100.15%,0.54%,21.33MiB / 3.822GiB,2210000000,12800000000
1790738159,redis,100.90%,0.52%,20.41MiB / 3.822GiB,2220000000,13100000000
1790738162,redis,100.90%,0.52%,20.44MiB / 3.822GiB,2230000000,13300000000
1790738164,redis,100.23%,0.52%,20.29MiB / 3.822GiB,2240000000,13500000000
1790738166,redis,100.75%,0.52%,20.17MiB / 3.822GiB,2250000000,13700000000
1790738168,redis,101.26%,0.52%,20.27MiB / 3.822GiB,2260000000,14000000000
1790738170,redis,100.40%,0.52%,20.35MiB / 3.822GiB,2270000000,14200000000
1790738172,redis,100.65%,0.53%,20.68MiB / 3.822GiB,2280000000,14400000000
1790738174,redis,100.67%,0.52%,20.52MiB / 3.822GiB,2290000000,14600000000
1790738176,redis,100.74%,0.52%,20.51MiB / 3.822GiB,2300000000,14800000000
1790738179,redis,100.90%,0.52%,20.49MiB / 3.822GiB,2310000000,15100000000
1790738181,redis,100.75%,0.52%,20.51MiB / 3.822GiB,2320000000,15300000000
1790738183,redis,100.40%,0.52%,20.38MiB / 3.822GiB,2320000000,15500000000
1790738185,redis,100.40%,0.51%,20.13MiB / 3.822GiB,2330000000,15700000000
1790738187,redis,100.49%,0.52%,20.41MiB / 3.822GiB,2340000000,15900000000
1790738189,redis,76.27%,0.52%,20.42MiB / 3.822GiB,2350000000,16100000000
1790738191,redis,68.71%,0.52%,20.42MiB / 3.822GiB,2360000000,16100000000
1790738193,redis,68.87%,0.52%,20.41MiB / 3.822GiB,2360000000,16100000000
1790738195,redis,69.28%,0.52%,20.17MiB / 3.822GiB,2360000000,16100000000
1790738198,redis,73.13%,0.50%,19.48MiB / 3.822GiB,2360000000,16100000000
1790738200,redis,72.86%,0.50%,19.59MiB / 3.822GiB,2370000000,16100000000
1790738202,redis,73.33%,0.50%,19.57MiB / 3.822GiB,2370000000,16100000000
1790738204,redis,72.76%,0.49%,19.32MiB / 3.822GiB,2370000000,16200000000
1790738206,redis,69.23%,0.45%,17.43MiB / 3.822GiB,2380000000,16200000000
1790738208,redis,69.86%,0.45%,17.43MiB / 3.822GiB,2380000000,16200000000
1790738210,redis,70.83%,0.44%,17.27MiB / 3.822GiB,2380000000,16200000000
1790738212,redis,69.31%,0.45%,17.43MiB / 3.822GiB,2380000000,16200000000
1790738215,redis,68.07%,0.45%,17.43MiB / 3.822GiB,2390000000,16200000000
1790738217,redis,69.05%,0.44%,17.4MiB / 3.822GiB,2390000000,16200000000
1790738219,redis,72.07%,0.45%,17.47MiB / 3.822GiB,2390000000,16200000000
1790738221,redis,73.82%,0.44%,17.36MiB / 3.822GiB,2400000000,16200000000
1790738223,redis,69.10%,0.45%,17.52MiB / 3.822GiB,2400000000,16200000000
1790738225,redis,68.35%,0.44%,17.37MiB / 3.822GiB,2400000000,16200000000
1790738227,redis,69.73%,0.44%,17.21MiB / 3.822GiB,2410000000,16200000000
1790738229,redis,68.55%,0.44%,17.31MiB / 3.822GiB,2410000000,16200000000
1790738232,redis,69.08%,0.44%,17.33MiB / 3.822GiB,2410000000,16200000000
1790738234,redis,68.80%,0.44%,17.15MiB / 3.822GiB,2410000000,16300000000
1790738236,redis,73.99%,0.45%,17.44MiB / 3.822GiB,2420000000,16300000000
1790738238,redis,74.04%,0.45%,17.54MiB / 3.822GiB,2420000000,16300000000
1790738240,redis,73.73%,0.44%,17.4MiB / 3.822GiB,2420000000,16300000000
1790738242,redis,74.73%,0.44%,17.34MiB / 3.822GiB,2430000000,16300000000
1790738244,redis,69.47%,0.44%,17.4MiB / 3.822GiB,2430000000,16300000000
1790738246,redis,68.86%,0.44%,17.15MiB / 3.822GiB,2430000000,16300000000
1790738249,redis,71.97%,0.60%,23.36MiB / 3.822GiB,2430000000,16300000000
1790738251,redis,100.38%,1.24%,48.54MiB / 3.822GiB,2440000000,16600000000
1790738253,redis,100.27%,2.32%,90.79MiB / 3.822GiB,2440000000,17000000000
1790738255,redis,100.57%,2.22%,86.9MiB / 3.822GiB,2450000000,17300000000
1790738257,redis,100.46%,1.46%,57.13MiB / 3.822GiB,2460000000,17700000000
1790738259,redis,100.49%,1.34%,52.26MiB / 3.822GiB,2460000000,18100000000
1790738261,redis,99.82%,1.18%,46.04MiB / 3.822GiB,2470000000,18500000000
1790738263,redis,100.29%,1.18%,46.13MiB / 3.822GiB,2470000000,18800000000
1790738265,redis,100.36%,1.06%,41.61MiB / 3.822GiB,2480000000,19200000000
1790738268,redis,100.46%,1.17%,45.68MiB / 3.822GiB,2480000000,19600000000
1790738270,redis,100.65%,1.18%,46.14MiB / 3.822GiB,2490000000,19900000000
1790738272,redis,100.09%,1.26%,49.35MiB / 3.822GiB,2500000000,20300000000
1790738274,redis,99.98%,1.22%,47.69MiB / 3.822GiB,2500000000,20700000000
1790738276,redis,99.99%,1.27%,49.83MiB / 3.822GiB,2510000000,21100000000
1790738278,redis,99.98%,1.18%,46.12MiB / 3.822GiB,2510000000,21400000000
1790738280,redis,100.05%,1.10%,42.9MiB / 3.822GiB,2520000000,21800000000
1790738282,redis,100.19%,1.12%,43.89MiB / 3.822GiB,2520000000,22200000000
1790738284,redis,100.20%,1.13%,44.36MiB / 3.822GiB,2530000000,22600000000
1790738287,redis,100.43%,1.11%,43.3MiB / 3.822GiB,2540000000,22900000000
1790738289,redis,99.92%,1.11%,43.29MiB / 3.822GiB,2540000000,23300000000
1790738291,redis,100.19%,1.21%,47.55MiB / 3.822GiB,2550000000,23700000000
1790738293,redis,100.28%,1.14%,44.72MiB / 3.822GiB,2550000000,24100000000
1790738295,redis,100.15%,1.15%,44.94MiB / 3.822GiB,2560000000,24400000000
1790738297,redis,100.15%,1.09%,42.78MiB / 3.822GiB,2560000000,24800000000
1790738299,redis,100.20%,1.06%,41.47MiB / 3.822GiB,2570000000,25200000000
1790738301,redis,99.94%,1.09%,42.83MiB / 3.822GiB,2580000000,25500000000
1790738303,redis,100.17%,1.08%,42.18MiB / 3.822GiB,2580000000,25900000000
1790738306,redis,99.94%,1.10%,43.18MiB / 3.822GiB,2590000000,26300000000
1790738308,redis,100.10%,1.09%,42.73MiB / 3.822GiB,2590000000,26700000000
1790738310,redis,100.05%,1.10%,42.93MiB / 3.822GiB,2600000000,27000000000
1790738312,redis,100.42%,1.09%,42.76MiB / 3.822GiB,2600000000,27400000000
1790738314,redis,74.15%,1.07%,41.77MiB / 3.822GiB,2610000000,27700000000
1790738316,redis,70.64%,0.92%,36.2MiB / 3.822GiB,2610000000,27700000000
1790738318,redis,71.69%,0.87%,34.23MiB / 3.822GiB,2610000000,27700000000
1790738320,redis,71.13%,0.68%,26.54MiB / 3.822GiB,2620000000,27700000000
1790738322,redis,71.70%,0.56%,21.8MiB / 3.822GiB,2620000000,27700000000
1790738325,redis,71.52%,0.56%,21.8MiB / 3.822GiB,2620000000,27700000000
1790738327,redis,70.84%,0.56%,21.8MiB / 3.822GiB,2630000000,27700000000
1790738329,redis,70.23%,0.56%,21.8MiB / 3.822GiB,2630000000,27700000000
1790738331,redis,66.09%,0.46%,18.17MiB / 3.822GiB,2630000000,27700000000
1790738333,redis,67.24%,0.46%,17.96MiB / 3.822GiB,2630000000,27700000000
1790738335,redis,73.65%,0.46%,17.87MiB / 3.822GiB,2640000000,27700000000
1790738337,redis,73.44%,0.46%,18.03MiB / 3.822GiB,2640000000,27700000000
1790738339,redis,74.08%,0.46%,17.98MiB / 3.822GiB,2640000000,27700000000
1790738342,redis,73.34%,0.46%,18.02MiB / 3.822GiB,2650000000,27700000000
1790738344,redis,73.83%,0.46%,18.09MiB / 3.822GiB,2650000000,27800000000
1790738346,redis,74.13%,0.46%,18MiB / 3.822GiB,2650000000,27800000000
1790738348,redis,69.93%,0.46%,18.11MiB / 3.822GiB,2650000000,27800000000
1790738350,redis,69.56%,0.46%,18.11MiB / 3.822GiB,2660000000,27800000000
1790738352,redis,71.04%,0.46%,18.11MiB / 3.822GiB,2660000000,27800000000
1790738354,redis,71.37%,0.46%,18.11MiB / 3.822GiB,2660000000,27800000000
1790738356,redis,71.52%,0.46%,18.01MiB / 3.822GiB,2670000000,27800000000
1790738358,redis,70.15%,0.46%,18.01MiB / 3.822GiB,2670000000,27800000000
1790738360,redis,70.73%,0.46%,18.01MiB / 3.822GiB,2670000000,27800000000
1790738363,redis,70.50%,0.46%,18.01MiB / 3.822GiB,2670000000,27800000000
1790738365,redis,71.66%,0.46%,18.01MiB / 3.822GiB,2680000000,27800000000
1790738367,redis,71.01%,0.46%,18.01MiB / 3.822GiB,2680000000,27800000000
1790738369,redis,83.82%,1.10%,43.25MiB / 3.822GiB,2680000000,27900000000
1790738371,redis,100.44%,2.14%,83.92MiB / 3.822GiB,2690000000,28200000000
1790738373,redis,100.75%,2.88%,112.6MiB / 3.822GiB,2690000000,28600000000
1790738375,redis,100.51%,2.43%,95.23MiB / 3.822GiB,2700000000,29000000000
1790738377,redis,100.07%,1.90%,74.4MiB / 3.822GiB,2710000000,29300000000
1790738379,redis,100.42%,1.43%,55.94MiB / 3.822GiB,2710000000,29700000000
1790738382,redis,100.10%,1.33%,52.12MiB / 3.822GiB,2720000000,30100000000
1790738384,redis,99.86%,1.21%,47.38MiB / 3.822GiB,2720000000,30500000000
1790738386,redis,100.21%,1.17%,45.62MiB / 3.822GiB,2730000000,30800000000
1790738388,redis,100.35%,1.18%,46.25MiB / 3.822GiB,2730000000,31200000000
1790738390,redis,100.56%,1.15%,44.93MiB / 3.822GiB,2740000000,31600000000
1790738392,redis,100.18%,1.15%,44.98MiB / 3.822GiB,2750000000,32000000000
1790738394,redis,100.02%,1.17%,45.85MiB / 3.822GiB,2750000000,32300000000
1790738396,redis,100.13%,1.25%,49.07MiB / 3.822GiB,2760000000,32700000000
1790738399,redis,99.90%,1.17%,45.9MiB / 3.822GiB,2760000000,33100000000
1790738401,redis,100.60%,1.19%,46.47MiB / 3.822GiB,2770000000,33500000000
1790738403,redis,100.25%,1.16%,45.32MiB / 3.822GiB,2770000000,33800000000
1790738405,redis,100.29%,1.17%,45.92MiB / 3.822GiB,2780000000,34200000000
1790738407,redis,100.29%,1.14%,44.62MiB / 3.822GiB,2790000000,34600000000
1790738409,redis,100.38%,1.11%,43.61MiB / 3.822GiB,2790000000,35000000000
1790738411,redis,100.45%,1.14%,44.49MiB / 3.822GiB,2800000000,35300000000
1790738413,redis,100.15%,1.19%,46.74MiB / 3.822GiB,2800000000,35700000000
1790738415,redis,99.91%,1.24%,48.67MiB / 3.822GiB,2810000000,36100000000
1790738418,redis,100.34%,1.18%,46.32MiB / 3.822GiB,2810000000,36500000000
1790738420,redis,100.69%,1.16%,45.23MiB / 3.822GiB,2820000000,36800000000
1790738422,redis,99.94%,1.20%,46.8MiB / 3.822GiB,2820000000,37200000000
1790738424,redis,100.15%,1.18%,46.32MiB / 3.822GiB,2830000000,37600000000
1790738426,redis,100.26%,1.20%,46.87MiB / 3.822GiB,2840000000,37900000000
1790738428,redis,100.08%,1.18%,46.09MiB / 3.822GiB,2840000000,38300000000
1790738430,redis,99.94%,1.18%,46.16MiB / 3.822GiB,2850000000,38700000000
1790738432,redis,99.97%,1.16%,45.32MiB / 3.822GiB,2850000000,39100000000
1790738435,redis,68.81%,1.09%,42.73MiB / 3.822GiB,2860000000,39200000000
1790738437,redis,69.51%,0.95%,37.37MiB / 3.822GiB,2860000000,39200000000
1790738439,redis,69.73%,0.82%,32.28MiB / 3.822GiB,2860000000,39300000000
1790738441,redis,69.70%,0.55%,21.7MiB / 3.822GiB,2870000000,39300000000
1790738443,redis,69.01%,0.55%,21.7MiB / 3.822GiB,2870000000,39300000000
1790738445,redis,69.28%,0.55%,21.7MiB / 3.822GiB,2870000000,39300000000
1790738447,redis,69.53%,0.55%,21.7MiB / 3.822GiB,2870000000,39300000000
1790738449,redis,69.76%,0.55%,21.7MiB / 3.822GiB,2880000000,39300000000
1790738451,redis,69.37%,0.47%,18.27MiB / 3.822GiB,2880000000,39300000000
1790738454,redis,69.33%,0.47%,18.27MiB / 3.822GiB,2880000000,39300000000
1790738456,redis,69.91%,0.47%,18.27MiB / 3.822GiB,2890000000,39300000000
1790738458,redis,68.53%,0.47%,18.27MiB / 3.822GiB,2890000000,39300000000
1790738460,redis,69.33%,0.47%,18.27MiB / 3.822GiB,2890000000,39300000000
1790738462,redis,67.44%,0.47%,18.27MiB / 3.822GiB,2900000000,39300000000
1790738464,redis,69.35%,0.47%,18.27MiB / 3.822GiB,2900000000,39300000000
1790738466,redis,69.24%,0.47%,18.27MiB / 3.822GiB,2900000000,39300000000
1790738468,redis,69.27%,0.47%,18.27MiB / 3.822GiB,2900000000,39400000000
1790738470,redis,69.25%,0.46%,18.15MiB / 3.822GiB,2910000000,39400000000
1790738473,redis,69.24%,0.46%,18.15MiB / 3.822GiB,2910000000,39400000000
1790738475,redis,68.87%,0.46%,18.15MiB / 3.822GiB,2910000000,39400000000
1790738477,redis,69.37%,0.46%,17.9MiB / 3.822GiB,2920000000,39400000000
1790738479,redis,68.71%,0.46%,18.15MiB / 3.822GiB,2920000000,39400000000
1790738481,redis,69.33%,0.46%,18.15MiB / 3.822GiB,2920000000,39400000000
1790738483,redis,69.37%,0.46%,18.15MiB / 3.822GiB,2920000000,39400000000
1790738485,redis,69.49%,0.46%,18.15MiB / 3.822GiB,2930000000,39400000000
1790738487,redis,68.73%,0.46%,18.04MiB / 3.822GiB,2930000000,39400000000
1790738489,redis,98.57%,1.15%,45.17MiB / 3.822GiB,2930000000,39600000000
1790738492,redis,100.40%,1.87%,73.2MiB / 3.822GiB,2940000000,39900000000
1790738494,redis,100.32%,3.04%,118.9MiB / 3.822GiB,2940000000,40200000000
1790738496,redis,100.42%,2.18%,85.26MiB / 3.822GiB,2950000000,40600000000
1790738498,redis,100.59%,1.74%,68.15MiB / 3.822GiB,2960000000,41000000000
1790738500,redis,100.78%,1.47%,57.66MiB / 3.822GiB,2960000000,41400000000
1790738502,redis,100.25%,1.27%,49.55MiB / 3.822GiB,2970000000,41700000000
1790738504,redis,100.70%,1.27%,49.57MiB / 3.822GiB,2970000000,42100000000
1790738506,redis,99.96%,1.29%,50.37MiB / 3.822GiB,2980000000,42500000000
1790738508,redis,99.99%,1.26%,49.5MiB / 3.822GiB,2980000000,42900000000
1790738511,redis,100.23%,1.28%,50.24MiB / 3.822GiB,2990000000,43200000000
1790738513,redis,99.91%,1.22%,47.86MiB / 3.822GiB,3000000000,43600000000
1790738515,redis,100.24%,1.26%,49.28MiB / 3.822GiB,3000000000,44000000000
1790738517,redis,100.27%,1.27%,49.68MiB / 3.822GiB,3010000000,44400000000
1790738519,redis,100.79%,1.29%,50.54MiB / 3.822GiB,3010000000,44700000000
1790738521,redis,99.98%,1.30%,50.93MiB / 3.822GiB,3020000000,45100000000
1790738523,redis,100.40%,1.27%,49.73MiB / 3.822GiB,3020000000,45500000000
1790738525,redis,100.24%,1.21%,47.44MiB / 3.822GiB,3030000000,45900000000
1790738527,redis,100.19%,1.32%,51.65MiB / 3.822GiB,3030000000,46200000000
1790738530,redis,100.20%,1.31%,51.25MiB / 3.822GiB,3040000000,46600000000
1790738532,redis,100.55%,1.31%,51.21MiB / 3.822GiB,3050000000,47000000000
1790738534,redis,100.19%,1.35%,52.75MiB / 3.822GiB,3050000000,47300000000
1790738536,redis,100.32%,1.35%,52.7MiB / 3.822GiB,3060000000,47700000000
1790738538,redis,100.01%,1.36%,53.25MiB / 3.822GiB,3060000000,48100000000
1790738540,redis,99.79%,1.26%,49.35MiB / 3.822GiB,3070000000,48500000000
1790738542,redis,100.26%,1.25%,49.04MiB / 3.822GiB,3070000000,48800000000
1790738544,redis,100.31%,1.27%,49.84MiB / 3.822GiB,3080000000,49200000000
1790738547,redis,100.71%,1.30%,50.97MiB / 3.822GiB,3090000000,49600000000
1790738549,redis,100.15%,1.29%,50.44MiB / 3.822GiB,3090000000,50000000000
1790738551,redis,100.44%,1.35%,52.82MiB / 3.822GiB,3100000000,50300000000
1790738553,redis,100.02%,1.32%,51.79MiB / 3.822GiB,3100000000,50700000000
1790738555,redis,70.28%,1.12%,43.89MiB / 3.822GiB,3110000000,50800000000
1790738557,redis,69.64%,0.98%,38.23MiB / 3.822GiB,3110000000,50800000000
1790738559,redis,69.25%,0.86%,33.52MiB / 3.822GiB,3110000000,50800000000
1790738561,redis,69.60%,0.63%,24.85MiB / 3.822GiB,3120000000,50800000000
1790738563,redis,68.96%,0.50%,19.54MiB / 3.822GiB,3120000000,50800000000
1790738565,redis,69.49%,0.50%,19.54MiB / 3.822GiB,3120000000,50800000000
1790738568,redis,69.50%,0.50%,19.54MiB / 3.822GiB,3120000000,50800000000
1790738570,redis,69.29%,0.50%,19.54MiB / 3.822GiB,3130000000,50900000000
1790738572,redis,68.85%,0.46%,17.98MiB / 3.822GiB,3130000000,50900000000
1790738574,redis,69.01%,0.47%,18.23MiB / 3.822GiB,3130000000,50900000000
1790738576,redis,69.37%,0.47%,18.23MiB / 3.822GiB,3140000000,50900000000
1790738578,redis,69.70%,0.47%,18.23MiB / 3.822GiB,3140000000,50900000000
1790738580,redis,69.19%,0.47%,18.23MiB / 3.822GiB,3140000000,50900000000
1790738582,redis,69.16%,0.47%,18.23MiB / 3.822GiB,3140000000,50900000000
1790738584,redis,69.93%,0.47%,18.23MiB / 3.822GiB,3150000000,50900000000
1790738586,redis,69.53%,0.47%,18.23MiB / 3.822GiB,3150000000,50900000000
1790738588,redis,69.59%,0.47%,18.23MiB / 3.822GiB,3150000000,50900000000
1790738591,redis,69.57%,0.47%,18.23MiB / 3.822GiB,3160000000,50900000000
1790738593,redis,69.66%,0.47%,18.23MiB / 3.822GiB,3160000000,50900000000
1790738595,redis,67.26%,0.46%,18.03MiB / 3.822GiB,3160000000,50900000000
1790738597,redis,70.06%,0.46%,18.07MiB / 3.822GiB,3160000000,50900000000
1790738599,redis,70.41%,0.46%,18.07MiB / 3.822GiB,3170000000,51000000000
1790738601,redis,69.97%,0.46%,18.07MiB / 3.822GiB,3170000000,51000000000
1790738603,redis,69.76%,0.46%,18.07MiB / 3.822GiB,3170000000,51000000000
1790738605,redis,69.63%,0.46%,18.07MiB / 3.822GiB,3180000000,51000000000
1790738608,redis,68.81%,0.46%,18.07MiB / 3.822GiB,3180000000,51000000000
1790738610,redis,100.34%,1.65%,64.7MiB / 3.822GiB,3180000000,51200000000
1790738612,redis,100.45%,2.18%,85.19MiB / 3.822GiB,3190000000,51500000000
1790738614,redis,100.39%,2.37%,92.78MiB / 3.822GiB,3190000000,51900000000
1790738616,redis,100.80%,2.10%,82.32MiB / 3.822GiB,3200000000,52200000000
1790738618,redis,100.35%,1.51%,59.04MiB / 3.822GiB,3200000000,52600000000
1790738620,redis,100.23%,1.37%,53.45MiB / 3.822GiB,3210000000,53000000000
1790738622,redis,100.35%,1.23%,48.14MiB / 3.822GiB,3220000000,53300000000
1790738625,redis,100.14%,1.18%,46.16MiB / 3.822GiB,3220000000,53700000000
1790738627,redis,100.39%,1.23%,48.22MiB / 3.822GiB,3230000000,54100000000
1790738629,redis,100.01%,1.25%,49.04MiB / 3.822GiB,3230000000,54500000000
1790738631,redis,100.02%,1.22%,47.79MiB / 3.822GiB,3240000000,54800000000
1790738633,redis,100.21%,1.29%,50.63MiB / 3.822GiB,3240000000,55200000000
1790738635,redis,99.99%,1.24%,48.42MiB / 3.822GiB,3250000000,55600000000
1790738637,redis,100.20%,1.25%,48.88MiB / 3.822GiB,3260000000,56000000000
1790738639,redis,100.35%,1.17%,45.69MiB / 3.822GiB,3260000000,56400000000
1790738641,redis,100.46%,1.15%,45.14MiB / 3.822GiB,3270000000,56700000000
1790738644,redis,100.21%,1.22%,47.62MiB / 3.822GiB,3270000000,57100000000
1790738646,redis,100.25%,1.20%,46.96MiB / 3.822GiB,3280000000,57500000000
1790738648,redis,100.44%,1.30%,50.7MiB / 3.822GiB,3290000000,57900000000
1790738650,redis,100.21%,1.25%,48.81MiB / 3.822GiB,3290000000,58200000000
1790738652,redis,100.21%,1.21%,47.55MiB / 3.822GiB,3300000000,58600000000
1790738654,redis,100.31%,1.21%,47.55MiB / 3.822GiB,3300000000,59000000000
1790738656,redis,99.89%,1.21%,47.36MiB / 3.822GiB,3310000000,59300000000
1790738658,redis,100.25%,1.20%,47.16MiB / 3.822GiB,3310000000,59700000000
1790738660,redis,100.03%,1.25%,48.94MiB / 3.822GiB,3320000000,60100000000
1790738663,redis,99.97%,1.17%,45.77MiB / 3.822GiB,3330000000,60500000000
1790738665,redis,100.06%,1.13%,44.06MiB / 3.822GiB,3330000000,60900000000
1790738667,redis,99.97%,1.14%,44.8MiB / 3.822GiB,3340000000,61200000000
1790738669,redis,100.50%,1.13%,44.38MiB / 3.822GiB,3340000000,61600000000
1790738671,redis,100.10%,1.40%,54.7MiB / 3.822GiB,3350000000,62000000000
1790738673,redis,100.36%,1.22%,47.62MiB / 3.822GiB,3350000000,62400000000
1790738675,redis,68.44%,1.05%,41.13MiB / 3.822GiB,3360000000,62400000000
1790738677,redis,69.06%,0.91%,35.75MiB / 3.822GiB,3360000000,62400000000
1790738680,redis,68.93%,0.53%,20.71MiB / 3.822GiB,3360000000,62400000000
1790738682,redis,68.03%,0.52%,20.5MiB / 3.822GiB,3370000000,62400000000
1790738684,redis,68.01%,0.52%,20.31MiB / 3.822GiB,3370000000,62400000000
1790738686,redis,71.08%,0.53%,20.57MiB / 3.822GiB,3370000000,62400000000
1790738688,redis,67.49%,0.52%,20.46MiB / 3.822GiB,3380000000,62500000000
1790738690,redis,67.38%,0.47%,18.45MiB / 3.822GiB,3380000000,62500000000
1790738692,redis,67.33%,0.47%,18.2MiB / 3.822GiB,3380000000,62500000000
1790738694,redis,67.62%,0.46%,18.2MiB / 3.822GiB,3380000000,62500000000
1790738697,redis,68.31%,0.47%,18.33MiB / 3.822GiB,3390000000,62500000000
1790738699,redis,67.62%,0.47%,18.33MiB / 3.822GiB,3390000000,62500000000
1790738701,redis,68.37%,0.46%,18.08MiB / 3.822GiB,3390000000,62500000000
1790738703,redis,68.11%,0.47%,18.33MiB / 3.822GiB,3400000000,62500000000
1790738705,redis,67.83%,0.47%,18.33MiB / 3.822GiB,3400000000,62500000000
1790738707,redis,67.15%,0.47%,18.33MiB / 3.822GiB,3400000000,62500000000
1790738709,redis,67.11%,0.47%,18.33MiB / 3.822GiB,3400000000,62500000000
1790738711,redis,67.35%,0.47%,18.33MiB / 3.822GiB,3410000000,62500000000
1790738713,redis,67.45%,0.47%,18.23MiB / 3.822GiB,3410000000,62500000000
1790738716,redis,67.31%,0.47%,18.23MiB / 3.822GiB,3410000000,62500000000
1790738718,redis,67.49%,0.47%,18.23MiB / 3.822GiB,3420000000,62500000000
1790738720,redis,67.77%,0.47%,18.23MiB / 3.822GiB,3420000000,62600000000
1790738722,redis,68.18%,0.47%,18.23MiB / 3.822GiB,3420000000,62600000000
1790738724,redis,67.59%,0.47%,18.23MiB / 3.822GiB,3420000000,62600000000
1790738726,redis,67.30%,0.47%,18.23MiB / 3.822GiB,3430000000,62600000000
1790738728,redis,67.72%,0.46%,18.1MiB / 3.822GiB,3430000000,62600000000
1790738730,redis,103.54%,1.33%,51.96MiB / 3.822GiB,3440000000,62900000000
1790738733,redis,103.24%,2.74%,107.4MiB / 3.822GiB,3440000000,63300000000
1790738735,redis,103.80%,2.42%,94.87MiB / 3.822GiB,3450000000,63700000000
1790738737,redis,104.53%,1.94%,76.1MiB / 3.822GiB,3450000000,64000000000
1790738739,redis,104.25%,1.51%,59.17MiB / 3.822GiB,3460000000,64500000000
1790738741,redis,103.84%,1.26%,49.15MiB / 3.822GiB,3470000000,64900000000
1790738743,redis,103.07%,1.25%,48.89MiB / 3.822GiB,3470000000,65300000000
1790738745,redis,104.38%,1.23%,48.15MiB / 3.822GiB,3480000000,65700000000
1790738747,redis,103.50%,1.24%,48.58MiB / 3.822GiB,3480000000,66100000000
1790738750,redis,102.42%,1.26%,49.46MiB / 3.822GiB,3490000000,66500000000
1790738752,redis,104.00%,1.27%,49.67MiB / 3.822GiB,3500000000,66900000000
1790738754,redis,104.34%,1.25%,48.93MiB / 3.822GiB,3500000000,67300000000
1790738756,redis,103.62%,1.24%,48.52MiB / 3.822GiB,3510000000,67700000000
1790738758,redis,103.54%,1.26%,49.31MiB / 3.822GiB,3510000000,68100000000
1790738760,redis,104.13%,1.26%,49.33MiB / 3.822GiB,3520000000,68500000000
1790738762,redis,103.56%,1.25%,48.98MiB / 3.822GiB,3530000000,68900000000
1790738764,redis,103.20%,1.22%,47.92MiB / 3.822GiB,3530000000,69300000000
1790738767,redis,102.90%,1.36%,53.39MiB / 3.822GiB,3540000000,69700000000
1790738769,redis,103.09%,1.25%,48.78MiB / 3.822GiB,3540000000,70100000000
1790738771,redis,103.78%,1.36%,53.06MiB / 3.822GiB,3550000000,70500000000
1790738773,redis,103.33%,1.22%,47.73MiB / 3.822GiB,3560000000,70900000000
1790738775,redis,103.25%,1.41%,55.25MiB / 3.822GiB,3560000000,71300000000
1790738777,redis,104.58%,1.22%,47.72MiB / 3.822GiB,3570000000,71700000000
1790738779,redis,104.23%,1.26%,49.14MiB / 3.822GiB,3580000000,72100000000
1790738781,redis,103.73%,1.22%,47.91MiB / 3.822GiB,3580000000,72500000000
1790738783,redis,104.39%,1.26%,49.45MiB / 3.822GiB,3590000000,72900000000
1790738786,redis,104.26%,1.23%,48.06MiB / 3.822GiB,3590000000,73300000000
1790738788,redis,103.99%,1.27%,49.8MiB / 3.822GiB,3600000000,73700000000
1790738790,redis,103.64%,1.21%,47.17MiB / 3.822GiB,3610000000,74100000000
1790738792,redis,104.08%,1.24%,48.64MiB / 3.822GiB,3610000000,74500000000
1790738794,redis,65.69%,1.16%,45.57MiB / 3.822GiB,3620000000,74700000000
1790738796,redis,65.57%,1.01%,39.34MiB / 3.822GiB,3620000000,74700000000
1790738798,redis,68.96%,0.69%,27MiB / 3.822GiB,3620000000,74700000000
1790738800,redis,70.07%,0.58%,22.61MiB / 3.822GiB,3630000000,74700000000
1790738803,redis,70.64%,0.48%,18.76MiB / 3.822GiB,3630000000,74700000000
1790738805,redis,69.73%,0.48%,18.76MiB / 3.822GiB,3630000000,74700000000
1790738807,redis,69.91%,0.48%,18.76MiB / 3.822GiB,3630000000,74700000000
1790738809,redis,70.25%,0.48%,18.76MiB / 3.822GiB,3640000000,74800000000
1790738811,redis,69.82%,0.48%,18.76MiB / 3.822GiB,3640000000,74800000000
1790738813,redis,70.04%,0.47%,18.25MiB / 3.822GiB,3640000000,74800000000
1790738815,redis,69.48%,0.47%,18.25MiB / 3.822GiB,3650000000,74800000000
1790738817,redis,68.73%,0.47%,18.25MiB / 3.822GiB,3650000000,74800000000
1790738819,redis,69.17%,0.47%,18.25MiB / 3.822GiB,3650000000,74800000000
1790738821,redis,67.67%,0.47%,18.32MiB / 3.822GiB,3650000000,74800000000
1790738824,redis,64.72%,0.46%,18.11MiB / 3.822GiB,3660000000,74800000000
1790738826,redis,65.82%,0.46%,18.15MiB / 3.822GiB,3660000000,74800000000
1790738828,redis,65.62%,0.47%,18.3MiB / 3.822GiB,3660000000,74800000000
1790738830,redis,65.80%,0.47%,18.27MiB / 3.822GiB,3670000000,74800000000
1790738832,redis,65.22%,0.46%,18.19MiB / 3.822GiB,3670000000,74800000000
1790738834,redis,65.09%,0.46%,18.03MiB / 3.822GiB,3670000000,74800000000
1790738837,redis,69.14%,0.46%,18.15MiB / 3.822GiB,3670000000,74800000000
1790738839,redis,70.29%,0.46%,18.15MiB / 3.822GiB,3680000000,74900000000
1790738841,redis,71.26%,0.46%,18.15MiB / 3.822GiB,3680000000,74900000000
1790738843,redis,69.22%,0.46%,18.06MiB / 3.822GiB,3680000000,74900000000
1790738845,redis,71.42%,0.46%,18.06MiB / 3.822GiB,3690000000,74900000000
1790738847,redis,69.34%,0.46%,18.06MiB / 3.822GiB,3690000000,74900000000
1790738849,redis,21.17%,0.46%,18.05MiB / 3.822GiB,3690000000,74900000000
1790738851,redis,1.31%,0.46%,18.05MiB / 3.822GiB,3690000000,74900000000
1790738853,redis,1.28%,0.45%,17.8MiB / 3.822GiB,3690000000,74900000000
